{"accuracy": [0.6991525292396545, 0.7772396802902222, 0.7905569076538086, 0.8038740754127502, 0.8492736220359802, 0.9019370675086975, 0.9370459914207458, 0.9539951682090759, 0.9648910164833069, 0.9800242185592651, 0.9921307563781738], "loss": [0.5971097946166992, 0.5038963556289673, 0.4588245749473572, 0.42624354362487793, 0.3392104208469391, 0.24444188177585602, 0.15819764137268066, 0.12135671824216843, 0.09209076315164566, 0.055986467748880386, 0.0260419100522995], "val_accuracy": [0.7070217728614807, 0.7651331424713135, 0.7651331424713135, 0.7772396802902222, 0.7723971009254456, 0.7990314960479736, 0.8038740754127502, 0.8208232522010803, 0.8135592937469482, 0.8184019327163696, 0.832929790019989], "val_loss": [0.5901289582252502, 0.5020914673805237, 0.46781161427497864, 0.4638381898403168, 0.5076969265937805, 0.4429439604282379, 0.48867014050483704, 0.5709434747695923, 0.5740750432014465, 0.5949856042861938, 0.5967198610305786]}